{"cameraMode":{"drawMode":0,"name":"Shaded","section":"Shading Mode"},"sceneLighting":true,"audioPlay":false,"sceneViewState":{"showFog":true,"showMaterialUpdate":true,"showSkybox":true,"showFlares":true,"showImageEffects":true,"showParticleSystems":true,"showVisualEffectGraphs":true,"m_FxEnabled":true},"in2DMode":false,"pivot":{"x":82.92626953125,"y":-0.060222625732421878,"z":75.72415161132813},"rotation":{"x":0.061675362288951877,"y":0.36460423469543459,"z":-0.024228913709521295,"w":0.9288572669029236},"size":12.12435531616211,"orthographic":false}