{"cameraMode":{"drawMode":0,"name":"Shaded","section":"Shading Mode"},"sceneLighting":true,"audioPlay":false,"sceneViewState":{"showFog":true,"showMaterialUpdate":true,"showSkybox":true,"showFlares":true,"showImageEffects":true,"showParticleSystems":true,"showVisualEffectGraphs":true,"m_FxEnabled":true},"in2DMode":false,"pivot":{"x":1132.8453369140625,"y":-120.90777587890625,"z":275.08514404296877},"rotation":{"x":0.08716855198144913,"y":0.6288255453109741,"z":-0.07124031335115433,"w":0.7694313526153565},"size":559.0747680664063,"orthographic":false}