{"cameraMode":{"drawMode":0,"name":"Shaded","section":"Shading Mode"},"sceneLighting":true,"audioPlay":false,"sceneViewState":{"showFog":true,"showMaterialUpdate":true,"showSkybox":true,"showFlares":true,"showImageEffects":true,"showParticleSystems":true},"in2DMode":false,"pivot":{"x":180.3528289794922,"y":32.45669937133789,"z":88.44905090332031},"rotation":{"x":0.36447522044181826,"y":-0.27579015493392947,"z":0.1139502227306366,"w":0.8821410536766052},"size":5.187033653259277,"orthographic":false}