{"cameraMode":{"drawMode":0,"name":"Shaded","section":"Shading Mode"},"sceneLighting":true,"audioPlay":false,"sceneViewState":{"showFog":true,"showMaterialUpdate":true,"showSkybox":true,"showFlares":true,"showImageEffects":true,"showParticleSystems":true},"in2DMode":false,"pivot":{"x":7.517162799835205,"y":-178.69952392578126,"z":1110.6092529296875},"rotation":{"x":0.14078335464000703,"y":-0.030018474906682969,"z":0.004266542848199606,"w":0.9896379709243774},"size":552.6357421875,"orthographic":false}