{"cameraMode":{"drawMode":0,"name":"Shaded","section":"Shading Mode"},"sceneLighting":true,"audioPlay":false,"sceneViewState":{"showFog":true,"showMaterialUpdate":true,"showSkybox":true,"showFlares":true,"showImageEffects":true,"showParticleSystems":true},"in2DMode":false,"pivot":{"x":167.97909545898438,"y":148.74520874023438,"z":294.1419372558594},"rotation":{"x":-0.03420741856098175,"y":0.2835572063922882,"z":0.010164424777030945,"w":0.9583486914634705},"size":81.39410400390625,"orthographic":false}