{"cameraMode":{"drawMode":0,"name":"Shaded","section":"Shading Mode"},"sceneLighting":true,"audioPlay":false,"sceneViewState":{"showFog":true,"showMaterialUpdate":true,"showSkybox":true,"showFlares":true,"showImageEffects":true,"showParticleSystems":true},"in2DMode":false,"pivot":{"x":71.9000015258789,"y":30.100000381469728,"z":59.75},"rotation":{"x":-0.07783082872629166,"y":-0.2850951552391052,"z":0.023225652053952218,"w":-0.9550840258598328},"size":7.364722728729248,"orthographic":false}