{"cameraMode":{"drawMode":0,"name":"Shaded","section":"Shading Mode"},"sceneLighting":true,"audioPlay":false,"sceneViewState":{"showFog":true,"showMaterialUpdate":true,"showSkybox":true,"showFlares":true,"showImageEffects":true,"showParticleSystems":true},"in2DMode":false,"pivot":{"x":76.2568359375,"y":29.58482551574707,"z":54.718910217285159},"rotation":{"x":-0.04042644798755646,"y":-0.8741533756256104,"z":0.07387419790029526,"w":-0.47836360335350039},"size":97.356201171875,"orthographic":false}